{"Overall Steps per Second":9534.136204608612,"SB3 Clip Fraction":0,"Policy Entropy":4.498752593994141,"Timestep Collection Time":2.725611582998681,"Timestep Consumption Time":2.5187020000012126,"_runtime":83.308852,"Cumulative Model Updates":39,"Policy Update Magnitude":0.02148582600057125,"Value Function Loss":0.014722708302239576,"Total Iteration Time":5.244313582999894,"Policy Reward":-0.08809822281344915,"_wandb":{"runtime":87},"_timestamp":1.740407380403876e+09,"_step":13,"PPO Batch Consumption Time":0.6086281140645345,"Value Function Update Magnitude":0.03304752707481384,"Timesteps Collected":50000,"Cumulative Timesteps":700072,"Mean KL Divergence":2.312769917504435e-06,"Collected Steps per Second":18344.506719842553}